work,how near dists are?,T,trT,teT,F,med_T,med_trT,med_teT,med_F,U_test_p,median_test_p
sample_washer,x(but NG more distant),11.659552384748771,762.9520999217364,27.5145919759472,27.728999237520817,26.05669750034371,1124.0445386734539,148.05544175287125,7.592051500205361,1.0861271354973544e-23,2.119504928831394e-17
sample_washer250,x,66.22132729246205,7818.426421896028,31.897227233099592,245.11304273441317,55.70353264879624,11098.815847161346,22.288052206708567,497.97154745629456,1.0933763890912846e-48,1.082654624907502e-31
sample_packing,x(but NG more distant),233.78799626058068,1827.1238878115591,803.3622319094889,2.27434626030243,280.3289114621868,17359.37348684023,973.4278053456625,17.83324186088556,1.0861271354973544e-23,2.119504928831394e-17sample_gear,o,0.586881498646561,5.551894885926159,2.6514755271185453,2.093888791030859,0.5892261814802302,6.755006326079872,2.9604982784378406,2.281712634416485,0.0008530598609384507,0.027486336111510433
sample_ringgear,o,0.17767884588852262,0.24489731565444578,1.5369799166223983,0.15933670505768333,1.3929122283936988,46.316392791084624,5.41820949403783,8.548283864263821,7.835460707821967e-15,1.3342769827501873e-12
sample_kakitane,o,0.5382769080753318,2.593222840969321,2.3757499008794065,1.091538650600139,0.7821259353883416,6.417977315506168,3.084443449017025,2.080757005790299,0.0023131297678059587,0.02203102260745231
sample_nut,o,0.1454363292304014,0.22884869974853958,0.4328271087370322,0.5287300520901027,2.0570701763962744,33.27899018245358,5.637094789991511,5.9035711518527965,4.135938841011005e-09,1.342906179143742e-09
sample_hinge,o,3.634649001447572,8.680114253974649,7.952998057287804,1.0914266785241504,6.775613619537116,505.64404129230047,16.114197647175143,31.378791073779656,8.126204203882149e-12,9.240524878889365e-15
